Year,Name,Gender,No
2017,Emma,F,19800
2017,Olivia,F,18703
2017,Ava,F,15958
2017,Isabella,F,15180
2017,Sophia,F,14883
2017,Mia,F,13470
2017,Charlotte,F,12937
2017,Amelia,F,11833
2017,Evelyn,F,10712
2017,Abigail,F,10607
2017,Harper,F,10487
2017,Emily,F,9781
2017,Elizabeth,F,8955
2017,Avery,F,8205
2017,Sofia,F,8160
2017,Ella,F,8046
2017,Madison,F,7875
2017,Scarlett,F,7702
2017,Victoria,F,7292
2017,Aria,F,7149
2017,Grace,F,7040
2017,Chloe,F,6944
2017,Camila,F,6766
2017,Penelope,F,6652
2017,Riley,F,6353
2017,Layla,F,6303
2017,Lillian,F,6160
2017,Nora,F,6055
2017,Zoey,F,6045
2017,Mila,F,5964
2017,Aubrey,F,5911
2017,Hannah,F,5907
2017,Lily,F,5837
2017,Addison,F,5616
2017,Eleanor,F,5537
2017,Natalie,F,5534
2017,Luna,F,5344
2017,Savannah,F,5238
2017,Brooklyn,F,5186
2017,Leah,F,5175
2017,Zoe,F,5158
2017,Stella,F,5055
2017,Hazel,F,5023
2017,Ellie,F,5005
2017,Paisley,F,4940
2017,Audrey,F,4825
2017,Violet,F,4719
2017,Skylar,F,4718
2017,Claire,F,4693
2017,Bella,F,4638
2017,Aurora,F,4591
2017,Lucy,F,4587
2017,Anna,F,4544
2017,Samantha,F,4318
2017,Caroline,F,4283
2017,Genesis,F,4254
2017,Aaliyah,F,4174
2017,Kennedy,F,4152
2017,Kinsley,F,4044
2017,Maya,F,4028
2017,Allison,F,4027
2017,Sarah,F,4009
2017,Madelyn,F,3953
2017,Adeline,F,3920
2017,Alexa,F,3891
2017,Gabriella,F,3879
2017,Ariana,F,3876
2017,Elena,F,3873
2017,Naomi,F,3841
2017,Alice,F,3816
2017,Sadie,F,3710
2017,Hailey,F,3699
2017,Eva,F,3629
2017,Autumn,F,3594
2017,Quinn,F,3589
2017,Emilia,F,3589
2017,Nevaeh,F,3584
2017,Ruby,F,3566
2017,Serenity,F,3559
2017,Piper,F,3555
2017,Willow,F,3551
2017,Everly,F,3516
2017,Cora,F,3441
2017,Kaylee,F,3403
2017,Lydia,F,3327
2017,Aubree,F,3316
2017,Arianna,F,3276
2017,Eliana,F,3269
2017,Peyton,F,3250
2017,Melanie,F,3232
2017,Gianna,F,3189
2017,Isabelle,F,3157
2017,Julia,F,3116
2017,Valentina,F,3037
2017,Nova,F,3036
2017,Clara,F,3035
2017,Vivian,F,3023
2017,Reagan,F,3001
2017,Madeline,F,2952
2017,Mackenzie,F,2950
2017,Liam,M,18798
2017,Noah,M,18410
2017,William,M,14967
2017,James,M,14291
2017,Logan,M,14014
2017,Benjamin,M,13797
2017,Mason,M,13549
2017,Elijah,M,13344
2017,Oliver,M,13193
2017,Jacob,M,13178
2017,Lucas,M,12996
2017,Michael,M,12639
2017,Alexander,M,12519
2017,Ethan,M,12439
2017,Daniel,M,11691
2017,Matthew,M,11671
2017,Aiden,M,11303
2017,Henry,M,10461
2017,Joseph,M,10437
2017,Jackson,M,10399
2017,Samuel,M,10395
2017,David,M,10187
2017,Sebastian,M,10172
2017,Carter,M,9787
2017,Wyatt,M,9688
2017,Jayden,M,9534
2017,John,M,9486
2017,Owen,M,9338
2017,Dylan,M,9295
2017,Luke,M,9195
2017,Gabriel,M,9131
2017,Isaac,M,8851
2017,Anthony,M,8833
2017,Grayson,M,8679
2017,Jack,M,8454
2017,Julian,M,8422
2017,Levi,M,8418
2017,Christopher,M,8285
2017,Joshua,M,8284
2017,Andrew,M,8251
2017,Lincoln,M,8179
2017,Mateo,M,7757
2017,Ryan,M,7674
2017,Jaxon,M,7673
2017,Nathan,M,7418
2017,Isaiah,M,7212
2017,Aaron,M,7196
2017,Thomas,M,7162
2017,Charles,M,7162
2017,Caleb,M,7125
2017,Josiah,M,7016
2017,Christian,M,6996
2017,Hunter,M,6722
2017,Eli,M,6601
2017,Jonathan,M,6503
2017,Connor,M,6404
2017,Landon,M,6343
2017,Adrian,M,6219
2017,Asher,M,6030
2017,Cameron,M,5954
2017,Leo,M,5950
2017,Theodore,M,5950
2017,Jeremiah,M,5840
2017,Hudson,M,5781
2017,Robert,M,5528
2017,Easton,M,5502
2017,Nolan,M,5389
2017,Nicholas,M,5348
2017,Ezra,M,5320
2017,Colton,M,5278
2017,Angel,M,5257
2017,Brayden,M,5155
2017,Jordan,M,5132
2017,Dominic,M,5094
2017,Austin,M,5039
2017,Ian,M,5018
2017,Adam,M,4919
2017,Elias,M,4912
2017,Jaxson,M,4838
2017,Greyson,M,4835
2017,Jose,M,4793
2017,Ezekiel,M,4742
2017,Carson,M,4740
2017,Evan,M,4721
2017,Maverick,M,4720
2017,Bryson,M,4652
2017,Jace,M,4631
2017,Cooper,M,4604
2017,Xavier,M,4489
2017,Parker,M,4364
2017,Roman,M,4265
2017,Jason,M,4241
2017,Santiago,M,4197
2017,Chase,M,4168
2017,Sawyer,M,4162
2017,Gavin,M,4147
2017,Leonardo,M,4125
2017,Kayden,M,3984
2017,Ayden,M,3945
2017,Jameson,M,3922
2016,Emma,F,19496
2016,Olivia,F,19365
2016,Ava,F,16302
2016,Sophia,F,16128
2016,Isabella,F,14795
2016,Mia,F,14428
2016,Charlotte,F,13090
2016,Abigail,F,11760
2016,Emily,F,10972
2016,Harper,F,10787
2016,Amelia,F,10774
2016,Evelyn,F,10106
2016,Elizabeth,F,9555
2016,Sofia,F,9167
2016,Madison,F,9030
2016,Avery,F,8765
2016,Ella,F,7908
2016,Scarlett,F,7703
2016,Grace,F,7594
2016,Chloe,F,7461
2016,Victoria,F,7310
2016,Riley,F,7141
2016,Aria,F,6933
2016,Lily,F,6592
2016,Aubrey,F,6533
2016,Zoey,F,6444
2016,Penelope,F,6389
2016,Lillian,F,6358
2016,Addison,F,6322
2016,Layla,F,6264
2016,Natalie,F,6178
2016,Camila,F,6048
2016,Hannah,F,6013
2016,Brooklyn,F,5955
2016,Zoe,F,5743
2016,Nora,F,5589
2016,Leah,F,5415
2016,Savannah,F,5364
2016,Audrey,F,5360
2016,Claire,F,5209
2016,Eleanor,F,5134
2016,Skylar,F,5119
2016,Ellie,F,5065
2016,Samantha,F,4952
2016,Stella,F,4930
2016,Violet,F,4866
2016,Paisley,F,4865
2016,Mila,F,4821
2016,Anna,F,4784
2016,Allison,F,4775
2016,Alexa,F,4770
2016,Hazel,F,4667
2016,Aaliyah,F,4641
2016,Lucy,F,4597
2016,Ariana,F,4595
2016,Caroline,F,4429
2016,Sarah,F,4412
2016,Genesis,F,4342
2016,Kennedy,F,4328
2016,Sadie,F,4286
2016,Gabriella,F,4244
2016,Madelyn,F,4231
2016,Adeline,F,4115
2016,Maya,F,4082
2016,Autumn,F,4027
2016,Aurora,F,3990
2016,Piper,F,3949
2016,Hailey,F,3938
2016,Arianna,F,3888
2016,Ruby,F,3832
2016,Serenity,F,3831
2016,Kaylee,F,3830
2016,Eva,F,3799
2016,Naomi,F,3795
2016,Nevaeh,F,3787
2016,Alice,F,3682
2016,Luna,F,3671
2016,Bella,F,3660
2016,Quinn,F,3646
2016,Lydia,F,3613
2016,Peyton,F,3502
2016,Melanie,F,3482
2016,Kylie,F,3410
2016,Aubree,F,3409
2016,Mackenzie,F,3403
2016,Cora,F,3371
2016,Kinsley,F,3368
2016,Julia,F,3331
2016,Madeline,F,3277
2016,Taylor,F,3276
2016,Katherine,F,3271
2016,Gianna,F,3218
2016,Eliana,F,3199
2016,Elena,F,3182
2016,Vivian,F,3140
2016,Willow,F,3108
2016,Reagan,F,3093
2016,Brianna,F,3088
2016,Clara,F,3072
2016,Faith,F,3066
2016,Noah,M,19117
2016,Liam,M,18218
2016,William,M,15761
2016,Mason,M,15244
2016,James,M,14862
2016,Benjamin,M,14641
2016,Jacob,M,14510
2016,Michael,M,14088
2016,Elijah,M,13902
2016,Ethan,M,13819
2016,Alexander,M,13408
2016,Oliver,M,13037
2016,Daniel,M,12944
2016,Lucas,M,12881
2016,Matthew,M,12621
2016,Aiden,M,12228
2016,Jackson,M,11284
2016,Logan,M,11244
2016,David,M,11110
2016,Joseph,M,10918
2016,Samuel,M,10576
2016,Henry,M,10374
2016,Owen,M,10294
2016,Sebastian,M,10286
2016,Gabriel,M,10229
2016,Carter,M,10185
2016,Jayden,M,10121
2016,John,M,10013
2016,Luke,M,9984
2016,Anthony,M,9865
2016,Isaac,M,9742
2016,Dylan,M,9694
2016,Wyatt,M,9561
2016,Andrew,M,9390
2016,Joshua,M,9204
2016,Christopher,M,9066
2016,Grayson,M,8673
2016,Jack,M,8413
2016,Julian,M,8374
2016,Ryan,M,8240
2016,Jaxon,M,8114
2016,Levi,M,8078
2016,Nathan,M,7981
2016,Caleb,M,7958
2016,Hunter,M,7651
2016,Christian,M,7633
2016,Isaiah,M,7519
2016,Thomas,M,7348
2016,Aaron,M,7157
2016,Lincoln,M,7115
2016,Charles,M,7107
2016,Eli,M,7100
2016,Landon,M,7029
2016,Connor,M,7025
2016,Josiah,M,6983
2016,Jonathan,M,6957
2016,Cameron,M,6841
2016,Jeremiah,M,6583
2016,Mateo,M,6549
2016,Adrian,M,6330
2016,Hudson,M,6120
2016,Robert,M,5989
2016,Nicholas,M,5747
2016,Brayden,M,5719
2016,Easton,M,5636
2016,Jordan,M,5632
2016,Nolan,M,5626
2016,Colton,M,5606
2016,Evan,M,5605
2016,Angel,M,5544
2016,Asher,M,5502
2016,Dominic,M,5419
2016,Austin,M,5353
2016,Leo,M,5287
2016,Adam,M,5200
2016,Jace,M,5193
2016,Jose,M,5113
2016,Ian,M,5070
2016,Cooper,M,4970
2016,Gavin,M,4931
2016,Carson,M,4918
2016,Theodore,M,4899
2016,Jaxson,M,4898
2016,Ezra,M,4865
2016,Jason,M,4862
2016,Chase,M,4851
2016,Parker,M,4715
2016,Xavier,M,4599
2016,Zachary,M,4561
2016,Kevin,M,4545
2016,Tyler,M,4498
2016,Ayden,M,4494
2016,Elias,M,4478
2016,Bryson,M,4353
2016,Leonardo,M,4321
2016,Greyson,M,4315
2016,Sawyer,M,4237
2016,Roman,M,4210
2016,Brandon,M,4090
2016,Bentley,M,4044
2015,Emma,F,20455
2015,Olivia,F,19691
2015,Sophia,F,17417
2015,Ava,F,16378
2015,Isabella,F,15617
2015,Mia,F,14905
2015,Abigail,F,12401
2015,Emily,F,11786
2015,Charlotte,F,11398
2015,Harper,F,10295
2015,Madison,F,10088
2015,Amelia,F,9861
2015,Elizabeth,F,9730
2015,Sofia,F,9690
2015,Evelyn,F,9363
2015,Avery,F,9342
2015,Chloe,F,7930
2015,Ella,F,7902
2015,Grace,F,7656
2015,Victoria,F,7609
2015,Aubrey,F,7386
2015,Scarlett,F,7131
2015,Zoey,F,6944
2015,Addison,F,6721
2015,Lily,F,6661
2015,Lillian,F,6612
2015,Natalie,F,6500
2015,Hannah,F,6414
2015,Aria,F,6405
2015,Layla,F,6330
2015,Brooklyn,F,6311
2015,Alexa,F,6052
2015,Zoe,F,6041
2015,Penelope,F,5949
2015,Riley,F,5730
2015,Leah,F,5618
2015,Audrey,F,5603
2015,Savannah,F,5456
2015,Allison,F,5346
2015,Samantha,F,5340
2015,Nora,F,5323
2015,Skylar,F,5281
2015,Camila,F,5274
2015,Anna,F,5130
2015,Paisley,F,5078
2015,Ariana,F,4958
2015,Aaliyah,F,4863
2015,Ellie,F,4862
2015,Claire,F,4829
2015,Violet,F,4813
2015,Stella,F,4792
2015,Sadie,F,4752
2015,Mila,F,4730
2015,Gabriella,F,4622
2015,Lucy,F,4547
2015,Arianna,F,4530
2015,Sarah,F,4521
2015,Kennedy,F,4519
2015,Madelyn,F,4481
2015,Eleanor,F,4434
2015,Kaylee,F,4363
2015,Caroline,F,4329
2015,Hazel,F,4297
2015,Hailey,F,4247
2015,Genesis,F,4160
2015,Kylie,F,4153
2015,Piper,F,4130
2015,Maya,F,4125
2015,Autumn,F,4114
2015,Nevaeh,F,4002
2015,Serenity,F,3985
2015,Peyton,F,3902
2015,Mackenzie,F,3858
2015,Bella,F,3794
2015,Naomi,F,3761
2015,Eva,F,3761
2015,Taylor,F,3746
2015,Aurora,F,3642
2015,Aubree,F,3630
2015,Lydia,F,3498
2015,Melanie,F,3493
2015,Brianna,F,3469
2015,Ruby,F,3462
2015,Katherine,F,3445
2015,Ashley,F,3424
2015,Alice,F,3418
2015,Alexis,F,3418
2015,Cora,F,3401
2015,Julia,F,3373
2015,Madeline,F,3335
2015,Faith,F,3325
2015,Annabelle,F,3273
2015,Alyssa,F,3252
2015,Isabelle,F,3217
2015,Vivian,F,3201
2015,Gianna,F,3177
2015,Quinn,F,3090
2015,Clara,F,3064
2015,Reagan,F,3055
2015,Alexandra,F,3001
2015,Noah,M,19635
2015,Liam,M,18374
2015,Mason,M,16627
2015,Jacob,M,15949
2015,William,M,15909
2015,Ethan,M,15077
2015,James,M,14824
2015,Alexander,M,14547
2015,Michael,M,14431
2015,Benjamin,M,13700
2015,Elijah,M,13651
2015,Daniel,M,13506
2015,Aiden,M,13461
2015,Logan,M,12919
2015,Matthew,M,12749
2015,Lucas,M,12305
2015,Jackson,M,12269
2015,David,M,11792
2015,Oliver,M,11655
2015,Jayden,M,11541
2015,Joseph,M,11487
2015,Gabriel,M,10870
2015,Samuel,M,10865
2015,Carter,M,10780
2015,Anthony,M,10634
2015,John,M,10386
2015,Dylan,M,10277
2015,Luke,M,10276
2015,Henry,M,10172
2015,Andrew,M,10110
2015,Isaac,M,9964
2015,Christopher,M,9815
2015,Joshua,M,9801
2015,Wyatt,M,9645
2015,Sebastian,M,9620
2015,Owen,M,9596
2015,Caleb,M,8801
2015,Nathan,M,8588
2015,Ryan,M,8526
2015,Jack,M,8499
2015,Hunter,M,8330
2015,Levi,M,8306
2015,Christian,M,8196
2015,Jaxon,M,8067
2015,Julian,M,8046
2015,Landon,M,7929
2015,Grayson,M,7908
2015,Jonathan,M,7626
2015,Isaiah,M,7613
2015,Thomas,M,7187
2015,Charles,M,7187
2015,Aaron,M,7159
2015,Eli,M,7139
2015,Jeremiah,M,6783
2015,Connor,M,6758
2015,Cameron,M,6745
2015,Josiah,M,6661
2015,Adrian,M,6526
2015,Jordan,M,6303
2015,Colton,M,6300
2015,Brayden,M,6261
2015,Nicholas,M,6241
2015,Robert,M,6119
2015,Angel,M,6100
2015,Hudson,M,6041
2015,Lincoln,M,5996
2015,Evan,M,5906
2015,Dominic,M,5855
2015,Austin,M,5805
2015,Gavin,M,5784
2015,Nolan,M,5736
2015,Parker,M,5408
2015,Adam,M,5391
2015,Chase,M,5367
2015,Jace,M,5344
2015,Ian,M,5321
2015,Cooper,M,5264
2015,Easton,M,5222
2015,Kevin,M,5173
2015,Jose,M,5164
2015,Tyler,M,5160
2015,Asher,M,5121
2015,Brandon,M,5111
2015,Jaxson,M,5056
2015,Mateo,M,5020
2015,Jason,M,5008
2015,Ayden,M,4883
2015,Zachary,M,4848
2015,Carson,M,4745
2015,Xavier,M,4643
2015,Leo,M,4594
2015,Ezra,M,4330
2015,Bentley,M,4316
2015,Sawyer,M,4268
2015,Kayden,M,4242
2015,Blake,M,4227
2015,Nathaniel,M,4216
2015,Ryder,M,4152
2015,Theodore,M,4149
2015,Elias,M,4096
2014,Emma,F,20936
2014,Olivia,F,19807
2014,Sophia,F,18609
2014,Isabella,F,17089
2014,Ava,F,15696
2014,Mia,F,13512
2014,Emily,F,12647
2014,Abigail,F,12085
2014,Madison,F,10320
2014,Charlotte,F,10115
2014,Harper,F,9608
2014,Sofia,F,9597
2014,Avery,F,9568
2014,Elizabeth,F,9564
2014,Amelia,F,8795
2014,Evelyn,F,8747
2014,Ella,F,8553
2014,Chloe,F,8538
2014,Victoria,F,7996
2014,Grace,F,7641
2014,Aubrey,F,7623
2014,Zoey,F,7411
2014,Natalie,F,7105
2014,Addison,F,6988
2014,Lillian,F,6913
2014,Brooklyn,F,6816
2014,Lily,F,6773
2014,Hannah,F,6585
2014,Layla,F,6453
2014,Scarlett,F,6005
2014,Aria,F,5923
2014,Zoe,F,5877
2014,Samantha,F,5726
2014,Anna,F,5689
2014,Leah,F,5604
2014,Audrey,F,5563
2014,Ariana,F,5495
2014,Savannah,F,5473
2014,Allison,F,5472
2014,Arianna,F,5267
2014,Camila,F,5218
2014,Gabriella,F,5098
2014,Penelope,F,5084
2014,Claire,F,5014
2014,Aaliyah,F,4883
2014,Sadie,F,4860
2014,Riley,F,4794
2014,Skylar,F,4770
2014,Nora,F,4738
2014,Sarah,F,4703
2014,Hailey,F,4615
2014,Kaylee,F,4539
2014,Paisley,F,4494
2014,Kennedy,F,4489
2014,Ellie,F,4480
2014,Peyton,F,4447
2014,Annabelle,F,4355
2014,Caroline,F,4344
2014,Serenity,F,4330
2014,Madelyn,F,4309
2014,Lucy,F,4295
2014,Aubree,F,4271
2014,Alexa,F,4246
2014,Nevaeh,F,4239
2014,Alexis,F,4234
2014,Stella,F,4198
2014,Violet,F,4184
2014,Genesis,F,4163
2014,Mackenzie,F,4150
2014,Bella,F,4087
2014,Autumn,F,4066
2014,Mila,F,4056
2014,Kylie,F,3957
2014,Maya,F,3949
2014,Piper,F,3866
2014,Alyssa,F,3829
2014,Taylor,F,3809
2014,Eleanor,F,3736
2014,Faith,F,3719
2014,Naomi,F,3708
2014,Melanie,F,3696
2014,Eva,F,3682
2014,Katherine,F,3678
2014,Lydia,F,3640
2014,Brianna,F,3608
2014,Julia,F,3599
2014,Ashley,F,3556
2014,Khloe,F,3544
2014,Madeline,F,3442
2014,Ruby,F,3423
2014,Sophie,F,3388
2014,Alexandra,F,3311
2014,London,F,3286
2014,Lauren,F,3090
2014,Gianna,F,3078
2014,Isabelle,F,3075
2014,Vivian,F,3062
2014,Alice,F,3052
2014,Jasmine,F,3024
2014,Hadley,F,3013
2014,Noah,M,19305
2014,Liam,M,18462
2014,Mason,M,17201
2014,Jacob,M,16883
2014,William,M,16820
2014,Ethan,M,15724
2014,Michael,M,15454
2014,Alexander,M,15414
2014,James,M,14431
2014,Daniel,M,13937
2014,Elijah,M,13832
2014,Benjamin,M,13801
2014,Logan,M,13648
2014,Aiden,M,13402
2014,Jayden,M,12966
2014,Matthew,M,12912
2014,Jackson,M,12219
2014,David,M,12214
2014,Lucas,M,12158
2014,Joseph,M,12118
2014,Anthony,M,11580
2014,Andrew,M,11159
2014,Samuel,M,10995
2014,Gabriel,M,10918
2014,Joshua,M,10901
2014,John,M,10691
2014,Carter,M,10677
2014,Luke,M,10506
2014,Dylan,M,10410
2014,Christopher,M,10352
2014,Isaac,M,9977
2014,Oliver,M,9439
2014,Henry,M,9432
2014,Sebastian,M,9306
2014,Caleb,M,9225
2014,Owen,M,9150
2014,Ryan,M,9085
2014,Nathan,M,8976
2014,Wyatt,M,8874
2014,Hunter,M,8812
2014,Jack,M,8747
2014,Christian,M,8455
2014,Landon,M,8226
2014,Jonathan,M,8106
2014,Levi,M,8050
2014,Jaxon,M,7701
2014,Julian,M,7671
2014,Isaiah,M,7620
2014,Eli,M,7488
2014,Aaron,M,7392
2014,Charles,M,7345
2014,Connor,M,7223
2014,Cameron,M,7056
2014,Thomas,M,7028
2014,Jeremiah,M,6874
2014,Jordan,M,6869
2014,Nicholas,M,6765
2014,Evan,M,6717
2014,Adrian,M,6690
2014,Robert,M,6640
2014,Gavin,M,6618
2014,Brayden,M,6580
2014,Grayson,M,6571
2014,Josiah,M,6458
2014,Colton,M,6389
2014,Austin,M,6304
2014,Angel,M,6303
2014,Jace,M,6289
2014,Dominic,M,6252
2014,Kevin,M,5896
2014,Brandon,M,5840
2014,Tyler,M,5830
2014,Parker,M,5712
2014,Ayden,M,5619
2014,Jason,M,5555
2014,Jose,M,5480
2014,Ian,M,5455
2014,Chase,M,5355
2014,Adam,M,5328
2014,Hudson,M,5238
2014,Nolan,M,5204
2014,Zachary,M,5181
2014,Easton,M,4983
2014,Blake,M,4943
2014,Jaxson,M,4931
2014,Cooper,M,4842
2014,Lincoln,M,4820
2014,Xavier,M,4771
2014,Bentley,M,4768
2014,Kayden,M,4726
2014,Carson,M,4618
2014,Brody,M,4323
2014,Asher,M,4321
2014,Nathaniel,M,4304
2014,Ryder,M,4102
2014,Justin,M,4029
2014,Leo,M,3966
2014,Tristan,M,3911
2014,Luis,M,3899
2014,Juan,M,3899
2013,Sophia,F,21223
2013,Emma,F,20942
2013,Olivia,F,18428
2013,Isabella,F,17642
2013,Ava,F,15252
2013,Mia,F,13152
2013,Emily,F,13126
2013,Abigail,F,12409
2013,Madison,F,10596
2013,Elizabeth,F,9454
2013,Charlotte,F,9300
2013,Avery,F,9176
2013,Sofia,F,9160
2013,Chloe,F,8788
2013,Ella,F,8448
2013,Harper,F,8280
2013,Amelia,F,8036
2013,Aubrey,F,7969
2013,Addison,F,7728
2013,Evelyn,F,7662
2013,Natalie,F,7478
2013,Grace,F,7378
2013,Hannah,F,7298
2013,Zoey,F,7242
2013,Victoria,F,7204
2013,Lillian,F,7072
2013,Lily,F,6989
2013,Brooklyn,F,6896
2013,Samantha,F,6505
2013,Layla,F,6479
2013,Zoe,F,5971
2013,Leah,F,5605
2013,Audrey,F,5600
2013,Allison,F,5438
2013,Anna,F,5380
2013,Savannah,F,5245
2013,Aaliyah,F,5233
2013,Gabriella,F,5212
2013,Camila,F,5144
2013,Kaylee,F,5122
2013,Aria,F,5112
2013,Scarlett,F,5050
2013,Hailey,F,5020
2013,Arianna,F,4996
2013,Riley,F,4935
2013,Alexis,F,4777
2013,Nevaeh,F,4760
2013,Sarah,F,4701
2013,Claire,F,4656
2013,Sadie,F,4652
2013,Peyton,F,4567
2013,Serenity,F,4454
2013,Aubree,F,4443
2013,Ariana,F,4414
2013,Genesis,F,4299
2013,Penelope,F,4289
2013,Alyssa,F,4201
2013,Bella,F,4173
2013,Taylor,F,4138
2013,Alexa,F,4100
2013,Kylie,F,4027
2013,Mackenzie,F,4015
2013,Caroline,F,3980
2013,Kennedy,F,3955
2013,Autumn,F,3953
2013,Lucy,F,3946
2013,Madelyn,F,3938
2013,Ashley,F,3937
2013,Violet,F,3931
2013,Stella,F,3909
2013,Brianna,F,3905
2013,Maya,F,3820
2013,Skylar,F,3788
2013,Ellie,F,3762
2013,Sophie,F,3749
2013,Julia,F,3749
2013,Katherine,F,3719
2013,Mila,F,3677
2013,Khloe,F,3673
2013,Paisley,F,3601
2013,Annabelle,F,3557
2013,Nora,F,3508
2013,Alexandra,F,3506
2013,Melanie,F,3470
2013,London,F,3456
2013,Naomi,F,3445
2013,Gianna,F,3441
2013,Eva,F,3430
2013,Faith,F,3412
2013,Madeline,F,3370
2013,Nicole,F,3350
2013,Lauren,F,3345
2013,Ruby,F,3313
2013,Makayla,F,3288
2013,Lydia,F,3256
2013,Kayla,F,3256
2013,Piper,F,3189
2013,Sydney,F,3172
2013,Jocelyn,F,3150
2013,Morgan,F,3115
2013,Noah,M,18257
2013,Jacob,M,18158
2013,Liam,M,18137
2013,Mason,M,17699
2013,William,M,16641
2013,Ethan,M,16241
2013,Michael,M,15497
2013,Alexander,M,14905
2013,Jayden,M,14766
2013,Daniel,M,14298
2013,Elijah,M,13795
2013,Aiden,M,13625
2013,James,M,13567
2013,Benjamin,M,13498
2013,Matthew,M,13338
2013,Jackson,M,12591
2013,David,M,12357
2013,Logan,M,12351
2013,Anthony,M,12266
2013,Joseph,M,12248
2013,Joshua,M,11829
2013,Andrew,M,11658
2013,Lucas,M,11548
2013,Gabriel,M,11232
2013,Samuel,M,11117
2013,Christopher,M,10859
2013,John,M,10713
2013,Isaac,M,10119
2013,Dylan,M,10115
2013,Ryan,M,9876
2013,Nathan,M,9711
2013,Caleb,M,9598
2013,Luke,M,9573
2013,Carter,M,9571
2013,Christian,M,9332
2013,Hunter,M,8960
2013,Henry,M,8875
2013,Owen,M,8756
2013,Landon,M,8738
2013,Jack,M,8574
2013,Wyatt,M,8558
2013,Jonathan,M,8552
2013,Eli,M,7938
2013,Isaiah,M,7880
2013,Jaxon,M,7551
2013,Sebastian,M,7548
2013,Julian,M,7510
2013,Brayden,M,7441
2013,Levi,M,7422
2013,Gavin,M,7418
2013,Aaron,M,7306
2013,Oliver,M,7267
2013,Jordan,M,7199
2013,Nicholas,M,7137
2013,Evan,M,7114
2013,Connor,M,7105
2013,Charles,M,7015
2013,Jeremiah,M,6962
2013,Cameron,M,6858
2013,Adrian,M,6845
2013,Thomas,M,6788
2013,Robert,M,6712
2013,Tyler,M,6645
2013,Austin,M,6485
2013,Colton,M,6482
2013,Jace,M,6387
2013,Angel,M,6363
2013,Dominic,M,6319
2013,Josiah,M,6302
2013,Brandon,M,6224
2013,Ayden,M,6072
2013,Kevin,M,5935
2013,Zachary,M,5759
2013,Parker,M,5664
2013,Blake,M,5643
2013,Jose,M,5621
2013,Grayson,M,5553
2013,Chase,M,5536
2013,Jason,M,5502
2013,Ian,M,5425
2013,Bentley,M,5378
2013,Adam,M,5241
2013,Xavier,M,4984
2013,Cooper,M,4893
2013,Justin,M,4868
2013,Nolan,M,4741
2013,Hudson,M,4667
2013,Easton,M,4643
2013,Jase,M,4552
2013,Carson,M,4529
2013,Nathaniel,M,4527
2013,Jaxson,M,4456
2013,Kayden,M,4424
2013,Brody,M,4327
2013,Lincoln,M,4033
2013,Tristan,M,4010
2013,Luis,M,4002
2013,Damian,M,3965
2013,Camden,M,3895
2013,Juan,M,3885
2012,Sophia,F,22313
2012,Emma,F,20945
2012,Isabella,F,19099
2012,Olivia,F,17316
2012,Ava,F,15533
2012,Emily,F,13649
2012,Abigail,F,12700
2012,Mia,F,12023
2012,Madison,F,11397
2012,Elizabeth,F,9708
2012,Chloe,F,9661
2012,Ella,F,9203
2012,Avery,F,8314
2012,Addison,F,8178
2012,Aubrey,F,8052
2012,Lily,F,7960
2012,Natalie,F,7894
2012,Sofia,F,7831
2012,Charlotte,F,7479
2012,Zoey,F,7471
2012,Grace,F,7377
2012,Hannah,F,7275
2012,Amelia,F,7242
2012,Harper,F,7192
2012,Lillian,F,7161
2012,Samantha,F,6929
2012,Evelyn,F,6876
2012,Victoria,F,6861
2012,Brooklyn,F,6790
2012,Zoe,F,6457
2012,Layla,F,6265
2012,Hailey,F,5910
2012,Leah,F,5773
2012,Kaylee,F,5621
2012,Anna,F,5618
2012,Aaliyah,F,5508
2012,Gabriella,F,5500
2012,Allison,F,5426
2012,Nevaeh,F,5392
2012,Alexis,F,5358
2012,Audrey,F,5297
2012,Savannah,F,5191
2012,Sarah,F,5190
2012,Alyssa,F,5086
2012,Claire,F,4944
2012,Taylor,F,4864
2012,Riley,F,4830
2012,Camila,F,4789
2012,Arianna,F,4723
2012,Ashley,F,4699
2012,Brianna,F,4636
2012,Sophie,F,4577
2012,Peyton,F,4472
2012,Bella,F,4351
2012,Khloe,F,4312
2012,Genesis,F,4300
2012,Alexa,F,4294
2012,Serenity,F,4233
2012,Kylie,F,4171
2012,Aubree,F,4049
2012,Scarlett,F,4043
2012,Stella,F,3999
2012,Maya,F,3977
2012,Katherine,F,3951
2012,Julia,F,3878
2012,Lucy,F,3810
2012,Madelyn,F,3793
2012,Autumn,F,3777
2012,Makayla,F,3770
2012,Kayla,F,3770
2012,Mackenzie,F,3758
2012,Lauren,F,3658
2012,Gianna,F,3625
2012,Ariana,F,3585
2012,Faith,F,3546
2012,Alexandra,F,3482
2012,Melanie,F,3465
2012,Sydney,F,3453
2012,Naomi,F,3421
2012,Caroline,F,3415
2012,Bailey,F,3408
2012,Morgan,F,3399
2012,Kennedy,F,3384
2012,Ellie,F,3383
2012,Jasmine,F,3382
2012,Eva,F,3365
2012,Skylar,F,3344
2012,Kimberly,F,3313
2012,Violet,F,3277
2012,Molly,F,3259
2012,Trinity,F,3238
2012,Jocelyn,F,3230
2012,Aria,F,3230
2012,London,F,3199
2012,Lydia,F,3168
2012,Madeline,F,3160
2012,Reagan,F,3087
2012,Piper,F,3067
2012,Annabelle,F,3056
2012,Andrea,F,3050
2012,Jacob,M,19074
2012,Mason,M,18969
2012,Ethan,M,17672
2012,Noah,M,17353
2012,William,M,16885
2012,Liam,M,16804
2012,Michael,M,16169
2012,Jayden,M,16127
2012,Alexander,M,15237
2012,Aiden,M,14903
2012,Daniel,M,14279
2012,Matthew,M,13971
2012,Elijah,M,13874
2012,James,M,13426
2012,Anthony,M,13203
2012,Benjamin,M,12822
2012,Joshua,M,12656
2012,Andrew,M,12621
2012,Joseph,M,12565
2012,David,M,12541
2012,Jackson,M,12483
2012,Logan,M,12473
2012,Christopher,M,11898
2012,Gabriel,M,11552
2012,Samuel,M,11454
2012,Ryan,M,10937
2012,Lucas,M,10707
2012,John,M,10621
2012,Nathan,M,10420
2012,Isaac,M,10052
2012,Dylan,M,9987
2012,Caleb,M,9966
2012,Christian,M,9621
2012,Jonathan,M,9356
2012,Landon,M,9347
2012,Carter,M,9262
2012,Luke,M,9010
2012,Owen,M,8690
2012,Brayden,M,8502
2012,Gavin,M,8255
2012,Wyatt,M,8223
2012,Isaiah,M,8159
2012,Henry,M,8069
2012,Eli,M,8062
2012,Hunter,M,8037
2012,Jack,M,7937
2012,Evan,M,7899
2012,Jordan,M,7808
2012,Nicholas,M,7735
2012,Tyler,M,7697
2012,Aaron,M,7534
2012,Jeremiah,M,7481
2012,Julian,M,7378
2012,Cameron,M,7363
2012,Levi,M,7230
2012,Brandon,M,7028
2012,Angel,M,7019
2012,Austin,M,7003
2012,Connor,M,6975
2012,Robert,M,6951
2012,Adrian,M,6943
2012,Charles,M,6937
2012,Thomas,M,6842
2012,Sebastian,M,6734
2012,Colton,M,6358
2012,Jaxon,M,6307
2012,Zachary,M,6258
2012,Kevin,M,6224
2012,Ayden,M,6222
2012,Dominic,M,6182
2012,Jose,M,6035
2012,Blake,M,6033
2012,Oliver,M,5918
2012,Justin,M,5893
2012,Bentley,M,5879
2012,Jason,M,5747
2012,Ian,M,5692
2012,Chase,M,5690
2012,Josiah,M,5521
2012,Xavier,M,5365
2012,Parker,M,5360
2012,Adam,M,5316
2012,Cooper,M,5191
2012,Nathaniel,M,4783
2012,Jace,M,4719
2012,Grayson,M,4711
2012,Carson,M,4593
2012,Tristan,M,4432
2012,Nolan,M,4424
2012,Luis,M,4368
2012,Brody,M,4361
2012,Juan,M,4283
2012,Hudson,M,4218
2012,Bryson,M,4036
2012,Carlos,M,4008
2012,Easton,M,3939
2012,Kayden,M,3872
2012,Alex,M,3861
2012,Damian,M,3855
2012,Ryder,M,3811
2011,Sophia,F,21842
2011,Isabella,F,19910
2011,Emma,F,18803
2011,Olivia,F,17322
2011,Ava,F,15503
2011,Emily,F,14258
2011,Abigail,F,13248
2011,Madison,F,12389
2011,Mia,F,11530
2011,Chloe,F,10991
2011,Elizabeth,F,10091
2011,Ella,F,9590
2011,Addison,F,9302
2011,Natalie,F,8638
2011,Lily,F,8180
2011,Grace,F,7633
2011,Samantha,F,7395
2011,Avery,F,7341
2011,Sofia,F,7328
2011,Aubrey,F,7177
2011,Brooklyn,F,7167
2011,Lillian,F,6921
2011,Victoria,F,6887
2011,Evelyn,F,6707
2011,Hannah,F,6571
2011,Alexis,F,6524
2011,Charlotte,F,6427
2011,Zoey,F,6401
2011,Leah,F,6392
2011,Amelia,F,6369
2011,Zoe,F,6305
2011,Hailey,F,6274
2011,Nevaeh,F,6106
2011,Gabriella,F,6097
2011,Layla,F,6080
2011,Kaylee,F,6044
2011,Alyssa,F,6018
2011,Anna,F,5663
2011,Sarah,F,5556
2011,Allison,F,5466
2011,Savannah,F,5450
2011,Ashley,F,5398
2011,Audrey,F,5210
2011,Taylor,F,5189
2011,Brianna,F,5181
2011,Aaliyah,F,5120
2011,Riley,F,5033
2011,Camila,F,4968
2011,Khloe,F,4956
2011,Claire,F,4896
2011,Sophie,F,4728
2011,Arianna,F,4688
2011,Peyton,F,4675
2011,Harper,F,4674
2011,Alexa,F,4506
2011,Makayla,F,4452
2011,Julia,F,4348
2011,Kylie,F,4346
2011,Kayla,F,4327
2011,Bella,F,4266
2011,Katherine,F,4186
2011,Lauren,F,4098
2011,Gianna,F,4066
2011,Maya,F,4018
2011,Sydney,F,3973
2011,Serenity,F,3859
2011,Kimberly,F,3809
2011,Mackenzie,F,3795
2011,Autumn,F,3762
2011,Jocelyn,F,3729
2011,Faith,F,3727
2011,Lucy,F,3701
2011,Jasmine,F,3698
2011,Stella,F,3694
2011,Morgan,F,3671
2011,Alexandra,F,3628
2011,Trinity,F,3622
2011,Molly,F,3615
2011,Madelyn,F,3602
2011,Scarlett,F,3558
2011,Genesis,F,3511
2011,Andrea,F,3510
2011,Eva,F,3466
2011,Ariana,F,3452
2011,Madeline,F,3428
2011,Caroline,F,3369
2011,Brooke,F,3369
2011,Bailey,F,3312
2011,Melanie,F,3286
2011,Destiny,F,3264
2011,Kennedy,F,3244
2011,Maria,F,3217
2011,Naomi,F,3190
2011,London,F,3164
2011,Payton,F,3148
2011,Lydia,F,3084
2011,Ellie,F,3062
2011,Mariah,F,2988
2011,Aubree,F,2938
2011,Kaitlyn,F,2906
2011,Jacob,M,20371
2011,Mason,M,19510
2011,William,M,17343
2011,Jayden,M,16992
2011,Noah,M,16862
2011,Michael,M,16795
2011,Ethan,M,16684
2011,Alexander,M,15702
2011,Aiden,M,15496
2011,Daniel,M,15291
2011,Anthony,M,14267
2011,Matthew,M,14166
2011,Elijah,M,13967
2011,Joshua,M,13773
2011,Liam,M,13437
2011,Andrew,M,13277
2011,James,M,13251
2011,David,M,13228
2011,Benjamin,M,13063
2011,Christopher,M,13000
2011,Logan,M,12990
2011,Joseph,M,12967
2011,Jackson,M,12398
2011,Gabriel,M,12341
2011,Ryan,M,11494
2011,Samuel,M,11349
2011,John,M,11049
2011,Nathan,M,10505
2011,Lucas,M,10399
2011,Christian,M,10314
2011,Jonathan,M,10233
2011,Caleb,M,10029
2011,Dylan,M,9780
2011,Landon,M,9755
2011,Isaac,M,9599
2011,Brayden,M,9011
2011,Gavin,M,9011
2011,Tyler,M,8838
2011,Luke,M,8701
2011,Evan,M,8652
2011,Carter,M,8598
2011,Nicholas,M,8591
2011,Isaiah,M,8533
2011,Owen,M,8332
2011,Jack,M,8180
2011,Jordan,M,8070
2011,Brandon,M,7813
2011,Wyatt,M,7681
2011,Julian,M,7619
2011,Aaron,M,7614
2011,Jeremiah,M,7607
2011,Angel,M,7530
2011,Cameron,M,7518
2011,Connor,M,7406
2011,Hunter,M,7369
2011,Adrian,M,7338
2011,Henry,M,7230
2011,Eli,M,7209
2011,Justin,M,7115
2011,Austin,M,7028
2011,Charles,M,6979
2011,Robert,M,6972
2011,Thomas,M,6914
2011,Zachary,M,6804
2011,Jose,M,6761
2011,Levi,M,6648
2011,Kevin,M,6562
2011,Sebastian,M,6545
2011,Chase,M,6189
2011,Ayden,M,6124
2011,Jason,M,5843
2011,Ian,M,5617
2011,Blake,M,5609
2011,Colton,M,5594
2011,Bentley,M,5575
2011,Xavier,M,5441
2011,Dominic,M,5431
2011,Oliver,M,5410
2011,Parker,M,5289
2011,Josiah,M,5261
2011,Adam,M,5204
2011,Cooper,M,5176
2011,Brody,M,5074
2011,Nathaniel,M,4975
2011,Carson,M,4923
2011,Jaxon,M,4730
2011,Tristan,M,4725
2011,Luis,M,4690
2011,Juan,M,4677
2011,Hayden,M,4594
2011,Carlos,M,4177
2011,Nolan,M,4167
2011,Jesus,M,4166
2011,Cole,M,4137
2011,Alex,M,4035
2011,Max,M,3953
2011,Grayson,M,3938
2011,Bryson,M,3937
2011,Diego,M,3822
2011,Jaden,M,3806
2010,Isabella,F,22913
2010,Sophia,F,20643
2010,Emma,F,17345
2010,Olivia,F,17028
2010,Ava,F,15433
2010,Emily,F,14274
2010,Abigail,F,14247
2010,Madison,F,13183
2010,Chloe,F,11754
2010,Mia,F,10639
2010,Addison,F,10325
2010,Elizabeth,F,10262
2010,Ella,F,9876
2010,Natalie,F,8777
2010,Samantha,F,8408
2010,Alexis,F,8265
2010,Lily,F,7986
2010,Grace,F,7683
2010,Hailey,F,7019
2010,Alyssa,F,6991
2010,Hannah,F,6988
2010,Lillian,F,6951
2010,Avery,F,6674
2010,Leah,F,6537
2010,Nevaeh,F,6425
2010,Anna,F,6329
2010,Sarah,F,6328
2010,Sofia,F,6327
2010,Ashley,F,6314
2010,Brianna,F,6277
2010,Zoe,F,6269
2010,Victoria,F,6227
2010,Gabriella,F,6178
2010,Brooklyn,F,6122
2010,Kaylee,F,6098
2010,Taylor,F,5896
2010,Layla,F,5891
2010,Allison,F,5864
2010,Evelyn,F,5840
2010,Riley,F,5538
2010,Amelia,F,5455
2010,Khloe,F,5405
2010,Makayla,F,5394
2010,Savannah,F,5373
2010,Aubrey,F,5360
2010,Charlotte,F,5357
2010,Zoey,F,5208
2010,Bella,F,5123
2010,Kayla,F,5055
2010,Alexa,F,5040
2010,Peyton,F,4968
2010,Audrey,F,4951
2010,Claire,F,4915
2010,Arianna,F,4844
2010,Julia,F,4675
2010,Aaliyah,F,4664
2010,Kylie,F,4600
2010,Lauren,F,4466
2010,Sophie,F,4414
2010,Sydney,F,4331
2010,Camila,F,4303
2010,Jasmine,F,4173
2010,Morgan,F,4073
2010,Alexandra,F,4019
2010,Jocelyn,F,3987
2010,Maya,F,3967
2010,Gianna,F,3959
2010,Mackenzie,F,3880
2010,Kimberly,F,3869
2010,Katherine,F,3866
2010,Destiny,F,3731
2010,Brooke,F,3703
2010,Trinity,F,3699
2010,Faith,F,3697
2010,Lucy,F,3634
2010,Madelyn,F,3618
2010,Madeline,F,3603
2010,Bailey,F,3595
2010,Payton,F,3586
2010,Andrea,F,3567
2010,Autumn,F,3519
2010,Melanie,F,3485
2010,Serenity,F,3480
2010,Ariana,F,3471
2010,Stella,F,3440
2010,Maria,F,3416
2010,Molly,F,3362
2010,Caroline,F,3358
2010,Genesis,F,3303
2010,Kaitlyn,F,3297
2010,Eva,F,3277
2010,Jessica,F,3198
2010,Angelina,F,3143
2010,Gabrielle,F,3141
2010,Naomi,F,3131
2010,Valeria,F,3115
2010,Mariah,F,3108
2010,Natalia,F,3045
2010,Rachel,F,3017
2010,Paige,F,3011
2010,Jacob,M,22127
2010,Ethan,M,18002
2010,Michael,M,17350
2010,Jayden,M,17179
2010,William,M,17051
2010,Alexander,M,16756
2010,Noah,M,16451
2010,Daniel,M,15843
2010,Aiden,M,15538
2010,Anthony,M,15493
2010,Joshua,M,15442
2010,Mason,M,14845
2010,Christopher,M,14279
2010,Andrew,M,14248
2010,David,M,14199
2010,Matthew,M,14134
2010,Logan,M,14022
2010,Elijah,M,13900
2010,James,M,13883
2010,Joseph,M,13830
2010,Gabriel,M,12877
2010,Benjamin,M,12431
2010,Ryan,M,11969
2010,Samuel,M,11963
2010,Jackson,M,11818
2010,John,M,11556
2010,Nathan,M,11373
2010,Jonathan,M,11126
2010,Christian,M,11097
2010,Liam,M,10927
2010,Dylan,M,10512
2010,Landon,M,10473
2010,Caleb,M,10473
2010,Tyler,M,10447
2010,Lucas,M,10377
2010,Evan,M,9730
2010,Nicholas,M,9641
2010,Gavin,M,9618
2010,Isaac,M,9357
2010,Brayden,M,9111
2010,Luke,M,8842
2010,Angel,M,8770
2010,Isaiah,M,8577
2010,Brandon,M,8545
2010,Jack,M,8518
2010,Jordan,M,8237
2010,Owen,M,8175
2010,Carter,M,8156
2010,Connor,M,8050
2010,Justin,M,7846
2010,Jeremiah,M,7732
2010,Jose,M,7699
2010,Julian,M,7580
2010,Robert,M,7555
2010,Aaron,M,7462
2010,Adrian,M,7405
2010,Wyatt,M,7370
2010,Kevin,M,7323
2010,Hunter,M,7321
2010,Cameron,M,7194
2010,Zachary,M,7179
2010,Thomas,M,7123
2010,Charles,M,7098
2010,Austin,M,6902
2010,Eli,M,6560
2010,Chase,M,6441
2010,Henry,M,6398
2010,Sebastian,M,6358
2010,Jason,M,6273
2010,Levi,M,6010
2010,Xavier,M,5753
2010,Ian,M,5557
2010,Colton,M,5316
2010,Dominic,M,5297
2010,Cooper,M,5256
2010,Juan,M,5240
2010,Josiah,M,5205
2010,Ayden,M,5136
2010,Luis,M,5127
2010,Adam,M,5103
2010,Nathaniel,M,5102
2010,Carson,M,5097
2010,Brody,M,5050
2010,Tristan,M,4892
2010,Parker,M,4731
2010,Diego,M,4716
2010,Blake,M,4700
2010,Oliver,M,4663
2010,Cole,M,4586
2010,Carlos,M,4586
2010,Jaden,M,4517
2010,Jesus,M,4452
2010,Alex,M,4433
2010,Aidan,M,4306
2010,Eric,M,4196
2010,Hayden,M,4189
2010,Bryan,M,3933
2010,Max,M,3848
2010,Jaxon,M,3840
2010,Bentley,M,3771
2009,Isabella,F,22306
2009,Emma,F,17895
2009,Olivia,F,17435
2009,Sophia,F,16944
2009,Ava,F,15873
2009,Emily,F,15352
2009,Madison,F,15239
2009,Abigail,F,14390
2009,Chloe,F,11909
2009,Mia,F,11426
2009,Elizabeth,F,11035
2009,Addison,F,10660
2009,Alexis,F,9934
2009,Samantha,F,9660
2009,Ella,F,9654
2009,Natalie,F,9409
2009,Grace,F,8314
2009,Lily,F,8098
2009,Alyssa,F,7966
2009,Ashley,F,7813
2009,Sarah,F,7780
2009,Taylor,F,7583
2009,Hannah,F,7572
2009,Brianna,F,7352
2009,Hailey,F,7317
2009,Kaylee,F,7213
2009,Lillian,F,6857
2009,Anna,F,6804
2009,Leah,F,6789
2009,Allison,F,6581
2009,Victoria,F,6361
2009,Avery,F,6298
2009,Gabriella,F,6145
2009,Nevaeh,F,6107
2009,Kayla,F,5840
2009,Sofia,F,5694
2009,Brooklyn,F,5664
2009,Riley,F,5635
2009,Savannah,F,5596
2009,Evelyn,F,5583
2009,Aubrey,F,5406
2009,Peyton,F,5313
2009,Alexa,F,5308
2009,Makayla,F,5264
2009,Layla,F,5206
2009,Lauren,F,5199
2009,Zoe,F,5146
2009,Sydney,F,5058
2009,Audrey,F,5007
2009,Julia,F,4993
2009,Jasmine,F,4878
2009,Arianna,F,4836
2009,Claire,F,4824
2009,Brooke,F,4797
2009,Amelia,F,4699
2009,Morgan,F,4610
2009,Destiny,F,4607
2009,Bella,F,4534
2009,Madelyn,F,4496
2009,Katherine,F,4428
2009,Maya,F,4391
2009,Kylie,F,4385
2009,Aaliyah,F,4370
2009,Madeline,F,4300
2009,Sophie,F,4264
2009,Kimberly,F,4223
2009,Kaitlyn,F,4202
2009,Charlotte,F,4188
2009,Alexandra,F,4162
2009,Maria,F,4136
2009,Jocelyn,F,4113
2009,Valeria,F,4090
2009,Andrea,F,4060
2009,Trinity,F,4022
2009,Zoey,F,3994
2009,Gianna,F,3937
2009,Mackenzie,F,3901
2009,Jessica,F,3798
2009,Faith,F,3760
2009,Camila,F,3733
2009,Autumn,F,3710
2009,Ariana,F,3693
2009,Genesis,F,3668
2009,Payton,F,3644
2009,Bailey,F,3638
2009,Angelina,F,3634
2009,Caroline,F,3624
2009,Mariah,F,3597
2009,Rachel,F,3584
2009,Katelyn,F,3571
2009,Vanessa,F,3518
2009,Molly,F,3507
2009,Melanie,F,3485
2009,Serenity,F,3478
2009,Khloe,F,3455
2009,Gabrielle,F,3420
2009,Paige,F,3410
2009,Mya,F,3409
2009,Eva,F,3393
2009,Isabelle,F,3306
2009,Jacob,M,21175
2009,Ethan,M,19847
2009,Michael,M,18940
2009,Alexander,M,18234
2009,William,M,17918
2009,Joshua,M,17650
2009,Daniel,M,17542
2009,Jayden,M,17288
2009,Noah,M,17247
2009,Christopher,M,16355
2009,Anthony,M,16307
2009,Aiden,M,16020
2009,Matthew,M,15986
2009,David,M,15440
2009,Joseph,M,14920
2009,Andrew,M,14862
2009,Logan,M,14459
2009,James,M,14208
2009,Benjamin,M,13115
2009,Ryan,M,13107
2009,Elijah,M,12828
2009,Gabriel,M,12827
2009,Christian,M,12642
2009,Samuel,M,12152
2009,Nathan,M,12121
2009,Jackson,M,12119
2009,John,M,12118
2009,Tyler,M,11542
2009,Jonathan,M,11373
2009,Dylan,M,11364
2009,Caleb,M,10992
2009,Nicholas,M,10850
2009,Gavin,M,10737
2009,Mason,M,10685
2009,Evan,M,10277
2009,Landon,M,10163
2009,Angel,M,9849
2009,Brandon,M,9841
2009,Lucas,M,9612
2009,Isaac,M,9553
2009,Isaiah,M,9240
2009,Jack,M,9023
2009,Jose,M,8811
2009,Kevin,M,8772
2009,Jordan,M,8652
2009,Justin,M,8624
2009,Luke,M,8618
2009,Brayden,M,8596
2009,Liam,M,8564
2009,Carter,M,8167
2009,Owen,M,8139
2009,Connor,M,8098
2009,Zachary,M,8080
2009,Aaron,M,7971
2009,Robert,M,7831
2009,Hunter,M,7741
2009,Thomas,M,7722
2009,Cameron,M,7632
2009,Adrian,M,7632
2009,Wyatt,M,7403
2009,Chase,M,7387
2009,Julian,M,7382
2009,Charles,M,7283
2009,Austin,M,7283
2009,Jeremiah,M,7226
2009,Jason,M,6919
2009,Juan,M,6282
2009,Xavier,M,6209
2009,Luis,M,6138
2009,Sebastian,M,5989
2009,Henry,M,5895
2009,Aidan,M,5808
2009,Ian,M,5804
2009,Adam,M,5672
2009,Nathaniel,M,5425
2009,Diego,M,5414
2009,Brody,M,5389
2009,Jesus,M,5384
2009,Carlos,M,5376
2009,Tristan,M,5348
2009,Dominic,M,5326
2009,Cole,M,5275
2009,Alex,M,5169
2009,Cooper,M,5072
2009,Levi,M,5016
2009,Josiah,M,5010
2009,Carson,M,4997
2009,Ayden,M,4994
2009,Blake,M,4949
2009,Eli,M,4910
2009,Hayden,M,4865
2009,Bryan,M,4854
2009,Colton,M,4768
2009,Brian,M,4653
2009,Eric,M,4640
2009,Parker,M,4624
2009,Sean,M,4337
2009,Oliver,M,4286
2009,Kyle,M,4174
2009,Miguel,M,4169
2008,Emma,F,18813
2008,Isabella,F,18616
2008,Emily,F,17434
2008,Olivia,F,17081
2008,Ava,F,17039
2008,Madison,F,17032
2008,Sophia,F,16084
2008,Abigail,F,15082
2008,Elizabeth,F,12008
2008,Chloe,F,11824
2008,Samantha,F,11182
2008,Addison,F,10761
2008,Natalie,F,10201
2008,Mia,F,10169
2008,Alexis,F,9726
2008,Alyssa,F,9643
2008,Hannah,F,9563
2008,Ashley,F,9403
2008,Ella,F,9352
2008,Sarah,F,9045
2008,Grace,F,9036
2008,Taylor,F,8335
2008,Brianna,F,8259
2008,Lily,F,8118
2008,Hailey,F,7867
2008,Anna,F,7266
2008,Victoria,F,7119
2008,Kayla,F,6834
2008,Lillian,F,6810
2008,Lauren,F,6450
2008,Kaylee,F,6293
2008,Allison,F,6239
2008,Savannah,F,6124
2008,Nevaeh,F,6105
2008,Gabriella,F,6028
2008,Sofia,F,5983
2008,Makayla,F,5950
2008,Avery,F,5829
2008,Riley,F,5768
2008,Leah,F,5628
2008,Julia,F,5616
2008,Aubrey,F,5565
2008,Jasmine,F,5526
2008,Audrey,F,5440
2008,Katherine,F,5346
2008,Morgan,F,5334
2008,Brooklyn,F,5311
2008,Destiny,F,5308
2008,Sydney,F,5260
2008,Alexa,F,5225
2008,Kylie,F,5194
2008,Brooke,F,5183
2008,Kaitlyn,F,5116
2008,Evelyn,F,5099
2008,Layla,F,4930
2008,Madeline,F,4817
2008,Kimberly,F,4811
2008,Zoe,F,4781
2008,Jessica,F,4736
2008,Peyton,F,4732
2008,Alexandra,F,4610
2008,Claire,F,4598
2008,Maria,F,4585
2008,Madelyn,F,4564
2008,Mackenzie,F,4472
2008,Arianna,F,4421
2008,Jocelyn,F,4370
2008,Amelia,F,4348
2008,Angelina,F,4297
2008,Trinity,F,4273
2008,Maya,F,4267
2008,Andrea,F,4259
2008,Valeria,F,4205
2008,Rachel,F,4078
2008,Sophie,F,4063
2008,Aaliyah,F,4040
2008,Mariah,F,4034
2008,Vanessa,F,4031
2008,Gabrielle,F,4024
2008,Katelyn,F,3975
2008,Ariana,F,3911
2008,Bailey,F,3902
2008,Camila,F,3847
2008,Jennifer,F,3792
2008,Melanie,F,3713
2008,Charlotte,F,3670
2008,Gianna,F,3666
2008,Autumn,F,3662
2008,Paige,F,3643
2008,Faith,F,3628
2008,Payton,F,3608
2008,Sara,F,3590
2008,Isabelle,F,3569
2008,Caroline,F,3542
2008,Genesis,F,3521
2008,Mary,F,3499
2008,Isabel,F,3487
2008,Zoey,F,3448
2008,Gracie,F,3424
2008,Megan,F,3412
2008,Jacob,M,22594
2008,Michael,M,20626
2008,Ethan,M,20216
2008,Joshua,M,19205
2008,Daniel,M,19005
2008,Alexander,M,18697
2008,Anthony,M,18397
2008,William,M,18391
2008,Christopher,M,17947
2008,Matthew,M,17580
2008,Jayden,M,17151
2008,Andrew,M,16760
2008,Joseph,M,16575
2008,David,M,16324
2008,Noah,M,15787
2008,Aiden,M,15579
2008,James,M,15178
2008,Ryan,M,14681
2008,Logan,M,13853
2008,John,M,13315
2008,Nathan,M,13254
2008,Elijah,M,13228
2008,Christian,M,13058
2008,Gabriel,M,13032
2008,Benjamin,M,12949
2008,Jonathan,M,12886
2008,Samuel,M,12754
2008,Tyler,M,12700
2008,Nicholas,M,12524
2008,Gavin,M,11744
2008,Dylan,M,11700
2008,Jackson,M,11636
2008,Brandon,M,11472
2008,Caleb,M,10569
2008,Mason,M,10483
2008,Angel,M,10352
2008,Isaac,M,10019
2008,Evan,M,9924
2008,Jack,M,9895
2008,Jose,M,9820
2008,Kevin,M,9796
2008,Isaiah,M,9660
2008,Luke,M,9418
2008,Justin,M,9357
2008,Landon,M,9353
2008,Lucas,M,9323
2008,Zachary,M,9230
2008,Jordan,M,9089
2008,Robert,M,8831
2008,Aaron,M,8541
2008,Brayden,M,8436
2008,Thomas,M,8357
2008,Cameron,M,8295
2008,Hunter,M,8036
2008,Austin,M,7986
2008,Adrian,M,7930
2008,Connor,M,7813
2008,Owen,M,7796
2008,Aidan,M,7699
2008,Jason,M,7656
2008,Julian,M,7462
2008,Wyatt,M,7308
2008,Charles,M,7284
2008,Luis,M,7133
2008,Carter,M,7063
2008,Juan,M,7029
2008,Chase,M,7000
2008,Jeremiah,M,6583
2008,Diego,M,6571
2008,Brody,M,6298
2008,Xavier,M,6281
2008,Adam,M,6093
2008,Carlos,M,6047
2008,Sebastian,M,6034
2008,Liam,M,5979
2008,Hayden,M,5944
2008,Nathaniel,M,5851
2008,Henry,M,5778
2008,Jesus,M,5756
2008,Ian,M,5722
2008,Tristan,M,5657
2008,Bryan,M,5505
2008,Sean,M,5466
2008,Alex,M,5396
2008,Cole,M,5389
2008,Eric,M,5377
2008,Brian,M,5257
2008,Jaden,M,5187
2008,Carson,M,5126
2008,Blake,M,5095
2008,Ayden,M,5056
2008,Cooper,M,5048
2008,Dominic,M,4958
2008,Brady,M,4814
2008,Josiah,M,4774
2008,Caden,M,4770
2008,Kyle,M,4702
2008,Colton,M,4546
2008,Eli,M,4515
2008,Kaden,M,4501
